City_Size,Avg_GenZ_Percentage,Avg_Index,Number_of_Cities
Large (500K-1M),9.774264674965856,101.76156149736897,45
Metropolitan (>2M),9.597686040072306,99.9231707629883,47
Medium (100K-500K),9.518012474289769,99.09367547779719,68
Very Large (1M-2M),9.461239448668683,98.5026016804067,40
Small (<100K),8.147749178682876,84.82762710889773,10
