Region,Avg_15_19,Avg_20_24,Avg_25_29,Avg_GenZ_Index,City_Count
Carolinas,32.9601139136468,36.03133181544923,31.00855427090396,109.23495475086922,3
Florida,32.3050472057646,33.95665388834872,33.73829890588668,90.91928023097687,3
New York,31.677279317300194,34.47036365345793,33.85235702924188,98.36364838305208,3
Ohio,32.215318109730276,36.22327187726171,31.561410013008008,104.27876611572933,4
Other,34.090842265865064,35.0437806972491,30.865377036885846,98.66721306267081,176
Texas,33.06324109813172,33.56989628884202,33.366862613026264,103.07244924972619,4
West Coast,30.022645062902047,34.25863521049411,35.71871972660383,101.28396049763359,3
